{"cameraMode":{"drawMode":0,"name":"Shaded","section":"Shading Mode"},"sceneLighting":false,"audioPlay":false,"sceneViewState":{"m_AlwaysRefresh":false,"showFog":true,"showSkybox":false,"showFlares":true,"showImageEffects":true,"showParticleSystems":true,"showVisualEffectGraphs":true,"m_FxEnabled":true},"in2DMode":false,"pivot":{"x":1.031256079673767,"y":0.7646476626396179,"z":1.203263759613037},"rotation":{"x":0.013889158144593239,"y":-0.9760394096374512,"z":0.20682363212108613,"w":0.06572029739618302},"size":0.709863543510437,"orthographic":false}