{"cameraMode":{"drawMode":0,"name":"Shaded","section":"Shading Mode"},"sceneLighting":false,"audioPlay":false,"sceneViewState":{"m_AlwaysRefresh":false,"showFog":true,"showSkybox":false,"showFlares":true,"showImageEffects":true,"showParticleSystems":true,"showVisualEffectGraphs":true,"m_FxEnabled":true},"in2DMode":false,"pivot":{"x":-0.18804475665092469,"y":0.49734631180763247,"z":-2.033503770828247},"rotation":{"x":-0.13736386597156526,"y":0.005917935632169247,"z":-0.0008497569942846894,"w":-0.9904511570930481},"size":0.709863543510437,"orthographic":false}