{"cameraMode":{"drawMode":0,"name":"Shaded","section":"Shading Mode"},"sceneLighting":false,"audioPlay":false,"sceneViewState":{"m_AlwaysRefresh":false,"showFog":true,"showSkybox":false,"showFlares":true,"showImageEffects":true,"showParticleSystems":true,"showVisualEffectGraphs":true,"m_FxEnabled":true},"in2DMode":false,"pivot":{"x":0.1094294935464859,"y":-0.3100907504558563,"z":0.09210148453712464},"rotation":{"x":-0.06417406350374222,"y":-0.670157790184021,"z":0.058298226445913318,"w":-0.7371361255645752},"size":0.6182796955108643,"orthographic":false}