{"cameraMode":{"drawMode":0,"name":"Shaded","section":"Shading Mode"},"sceneLighting":false,"audioPlay":false,"sceneViewState":{"m_AlwaysRefresh":false,"showFog":true,"showSkybox":false,"showFlares":true,"showImageEffects":true,"showParticleSystems":true,"showVisualEffectGraphs":true,"m_FxEnabled":true},"in2DMode":false,"pivot":{"x":-6.705522537231445e-8,"y":0.0005787685513496399,"z":0.00012788176536560059},"rotation":{"x":0.09038840979337692,"y":-0.8940237760543823,"z":0.20962178707122804,"w":0.3854982256889343},"size":0.3468184471130371,"orthographic":false}