{"cameraMode":{"drawMode":0,"name":"Shaded","section":"Shading Mode"},"sceneLighting":false,"audioPlay":false,"sceneViewState":{"m_AlwaysRefresh":false,"showFog":true,"showSkybox":false,"showFlares":true,"showImageEffects":true,"showParticleSystems":true,"showVisualEffectGraphs":true,"m_FxEnabled":true},"in2DMode":false,"pivot":{"x":0.5512894988059998,"y":1.084791660308838,"z":-0.04001948609948158},"rotation":{"x":-0.23582619428634644,"y":-0.7038281559944153,"z":0.27078720927238467,"w":-0.6128218173980713},"size":1.7756626605987549,"orthographic":false}