{"cameraMode":{"drawMode":0,"name":"Shaded","section":"Shading Mode"},"sceneLighting":true,"audioPlay":false,"sceneViewState":{"m_AlwaysRefresh":false,"showFog":true,"showSkybox":true,"showFlares":true,"showImageEffects":true,"showParticleSystems":true,"showVisualEffectGraphs":true,"m_FxEnabled":true},"in2DMode":false,"pivot":{"x":-1.9605910778045655,"y":4.4746479988098148,"z":2.432349443435669},"rotation":{"x":-0.029104528948664666,"y":-0.9618236422538757,"z":0.11335396766662598,"w":-0.2470320612192154},"size":2.817354917526245,"orthographic":false}