{"cameraMode":{"drawMode":0,"name":"Shaded","section":"Shading Mode"},"sceneLighting":true,"audioPlay":false,"sceneViewState":{"m_AlwaysRefresh":false,"showFog":true,"showSkybox":true,"showFlares":true,"showImageEffects":true,"showParticleSystems":true,"showVisualEffectGraphs":true,"m_FxEnabled":true},"in2DMode":false,"pivot":{"x":-1.3535269498825074,"y":17.679821014404298,"z":-25.915006637573243},"rotation":{"x":-0.3294828534126282,"y":-0.05179367586970329,"z":0.01809142343699932,"w":-0.9424821138381958},"size":2.817354917526245,"orthographic":false}