{"cameraMode":{"drawMode":0,"name":"Shaded","section":"Shading Mode"},"sceneLighting":true,"audioPlay":false,"sceneViewState":{"m_AlwaysRefresh":false,"showFog":true,"showSkybox":true,"showFlares":true,"showImageEffects":true,"showParticleSystems":true,"showVisualEffectGraphs":true,"m_FxEnabled":true},"in2DMode":false,"pivot":{"x":5.498049736022949,"y":-6.872859001159668,"z":37.293087005615237},"rotation":{"x":-0.13345281779766084,"y":-0.08282337337732315,"z":0.011274022981524468,"w":-0.9876827001571655},"size":24.797245025634767,"orthographic":false}