{"cameraMode":{"drawMode":0,"name":"Shaded","section":"Shading Mode"},"sceneLighting":false,"audioPlay":false,"sceneViewState":{"m_AlwaysRefresh":false,"showFog":true,"showSkybox":false,"showFlares":true,"showImageEffects":true,"showParticleSystems":true,"showVisualEffectGraphs":true,"m_FxEnabled":true},"in2DMode":false,"pivot":{"x":1.9544308185577393,"y":0.24192681908607484,"z":0.5500940680503845},"rotation":{"x":-0.32422205805778506,"y":0.022321555763483049,"z":-0.007670183666050434,"w":-0.9456097483634949},"size":1.7756626605987549,"orthographic":false}