{"cameraMode":{"drawMode":0,"name":"Shaded","section":"Shading Mode"},"sceneLighting":false,"audioPlay":false,"sceneViewState":{"m_AlwaysRefresh":false,"showFog":true,"showSkybox":false,"showFlares":true,"showImageEffects":true,"showParticleSystems":true,"showVisualEffectGraphs":true,"m_FxEnabled":true},"in2DMode":false,"pivot":{"x":0.14548663794994355,"y":-0.10782065242528916,"z":-0.011145141907036305},"rotation":{"x":-0.14756827056407929,"y":-0.050440795719623569,"z":0.007507907692342997,"w":-0.9876865148544312},"size":0.7075484991073608,"orthographic":false}