{"cameraMode":{"drawMode":0,"name":"Shaded","section":"Shading Mode"},"sceneLighting":false,"audioPlay":false,"sceneViewState":{"m_AlwaysRefresh":false,"showFog":true,"showSkybox":false,"showFlares":true,"showImageEffects":true,"showParticleSystems":true,"showVisualEffectGraphs":true,"m_FxEnabled":true},"in2DMode":false,"pivot":{"x":-0.18129941821098329,"y":3.496955394744873,"z":-8.554518699645996},"rotation":{"x":0.20096904039382935,"y":-0.06428837776184082,"z":0.013270785100758076,"w":0.9773162603378296},"size":1.5764747858047486,"orthographic":false}